MUN_NAME,GEOID_10,ACRES,USEACRE,EUPOPEM,EMIACRE,EMPOPE,EMSQACRE,EMSQPOPE
Mantua Township,3401543440,10288.7452,0.1670,0.0843,14.6740,7.4055,13.6699,6.8988
Pine Valley Borough,3400758920,623.1229,0.0140,0.0442,1.0531,3.3311,-0.6150,-1.9453
Waterford Township,3400777630,23144.6952,0.0436,0.0703,3.8014,6.1273,2.6275,4.2352
Winslow Township,3400781740,37255.2222,0.1052,0.0784,9.1055,6.7852,8.2683,6.1614
West Norriton Township,4209183696,3911.2495,0.5162,0.0803,43.5377,6.7730,42.3382,6.5864
Cheltenham Township,4209112968,5778.8559,0.6948,0.0727,58.0964,6.0818,58.0338,6.0752
Upper Dublin Township,4209179008,8501.3341,0.4260,0.0758,36.4449,6.4849,36.4531,6.4864
East Norriton Township,4209121600,3889.2955,0.5038,0.0791,43.1845,6.7823,43.0221,6.7568
Whitpain Township,4209184888,8225.7187,0.3778,0.0796,32.0891,6.7593,31.3595,6.6056
Schwenksville Borough,4209168328,267.7565,1.0201,0.1504,99.6860,14.6980,98.3056,14.4944
Green Lane Borough,4209131088,210.4522,0.3545,0.1092,31.4427,9.6884,29.8239,9.1896
Souderton Borough,4209171856,715.2694,0.7347,0.0551,81.5404,6.1168,80.4081,6.0318
Upper Frederick Township,4209179040,6450.1892,0.0426,0.0620,4.3529,6.3308,3.6486,5.3064
Upper Salford Township,4209179280,5750.4850,0.0605,0.0747,5.8165,7.1915,5.1620,6.3823
Worcester Township,4209186496,10405.3174,0.1019,0.0792,9.2976,7.2256,8.9538,6.9585
Collegeville Borough,4209115192,1026.9331,0.6281,0.0815,52.7140,6.8411,52.5542,6.8204
Washington Township,3400577150,66501.8149,0.0013,0.0904,0.1197,8.6638,-1.0184,-73.6908
Harrison Township,3401530180,12178.9066,0.1096,0.0810,9.8092,7.2509,8.4185,6.2229
Swedesboro Borough,3401571850,494.6436,0.6593,0.0771,49.1105,5.7415,47.4636,5.5489
Pitman Borough,3401559070,1442.7212,0.6194,0.0785,52.5139,6.6581,50.6765,6.4252
Chesilhurst Borough,3400712550,1106.2662,0.1195,0.0695,9.1215,5.3054,7.2388,4.2103
Glassboro Borough,3401526340,5990.1624,0.4806,0.1083,37.3601,8.4212,35.7112,8.0495
Burlington Township,3400508950,8986.7777,0.5356,0.1201,39.2825,8.8053,37.6698,8.4438
Newfield Borough,3401551390,1114.0142,0.1807,0.1019,17.1232,9.6584,16.6941,9.4164
Trappe Borough,4209177304,1328.8013,0.3510,0.0819,30.8105,7.1864,29.6101,6.9064
Lower Gwynedd Township,4209144920,5948.3543,0.3695,0.1185,29.1468,9.3444,29.1040,9.3306
North Wales Borough,4209155512,374.0261,1.0005,0.0802,85.1428,6.8207,84.2420,6.7485
Lansdale Borough,4209141432,1917.3543,1.0498,0.0829,88.0358,6.9509,88.0767,6.9541
Skippack Township,4209171016,8923.9767,0.1265,0.0588,11.6443,5.4153,10.6421,4.9492
Hatfield Borough,4209133112,407.5101,2.0256,0.1853,140.0128,12.8045,138.8912,12.7019
New Hanover Township,4209153664,13836.6619,0.0498,0.0475,4.5821,4.3679,3.4155,3.2559
Lower Frederick Township,4209144912,5215.4648,0.0744,0.0646,7.2767,6.3231,6.1718,5.3630
Lower Salford Township,4209145096,9303.6222,0.2008,0.0747,17.8495,6.6408,16.9639,6.3113
Hopewell Borough,3402133150,463.4636,0.6303,0.1004,55.3070,8.8055,53.5899,8.5321
Bass River Township,3400503370,50113.0295,0.0043,0.0709,0.3889,6.4853,-0.5278,-8.8019
South Harrison Township,3401569030,10182.0334,0.0284,0.0700,2.3072,5.6771,1.9035,4.6837
Elk Township,3401521060,12362.9262,0.0381,0.0896,3.0858,7.2499,2.2222,5.2209
Clayton Borough,3401513360,4643.2020,0.2033,0.0880,17.1260,7.4116,15.0179,6.4993
Franklin Township,3401524840,36053.6441,0.0478,0.0818,4.0967,7.0197,3.5249,6.0398
Monroe Township,3401547250,30015.7256,0.1296,0.0809,10.8517,6.7744,9.4382,5.8920
Franconia Township,4209127280,8869.4880,0.2047,0.0870,15.7319,6.6855,14.6510,6.2262
Horsham Township,4209135808,11073.9882,0.3829,0.0744,33.6808,6.5441,33.5896,6.5264
Montgomery Township,4209150640,6804.5330,0.5174,0.0836,45.1920,7.3005,44.1646,7.1345
Perkiomen Township,4209159392,3146.1721,0.2554,0.0689,22.4009,6.0438,20.9184,5.6438
Towamencin Township,4209177152,6192.3562,0.2992,0.0718,26.9986,6.4750,26.1647,6.2750
Upper Gwynedd Township,4209179056,5198.8518,1.5555,0.1971,102.1428,12.9433,100.8928,12.7849
Hatfield Township,4209133120,6355.8805,0.3774,0.0683,30.8404,5.5785,29.6076,5.3555
Bordentown Township,3400506700,5922.9504,0.2440,0.0833,20.2874,6.9221,19.0026,6.4838
Chesterfield Township,3400512670,13728.0002,0.0682,0.1003,5.8925,8.6590,5.4593,8.0223
Brooklawn Borough,3400708170,339.5628,0.8019,0.0935,66.7320,7.7815,64.9319,7.5716
Maple Shade Township,3400543740,2449.7899,0.7920,0.0753,66.8775,6.3613,65.0607,6.1885
Evesham Township,3400522110,18931.0139,0.2448,0.0634,21.0866,5.4631,19.6203,5.0832
Palmyra Borough,3400555800,1672.0062,0.4046,0.0726,34.3075,6.1534,33.3038,5.9734
Rockledge Borough,4209165568,221.2096,0.9887,0.0625,83.6873,5.2923,82.5499,5.2204
Conshohocken Borough,4209115848,653.3699,2.3429,0.0884,189.7196,7.1552,189.7385,7.1559
Abington Township,4209100156,9909.1311,0.6842,0.0786,55.6128,6.3896,55.4520,6.3711
Springfield Township,4209173088,4313.7850,0.5127,0.0806,42.2918,6.6467,42.4789,6.6761
Whitemarsh Township,4209184624,9419.5082,0.3598,0.0883,30.3493,7.4466,29.0480,7.1273
Plymouth Township,4209161664,5427.3134,0.8701,0.1138,69.6103,9.1053,69.9732,9.1528
Norristown Borough,4209154656,2317.6886,1.3157,0.0629,114.5570,5.4736,114.5947,5.4754
Ambler Borough,4209102264,546.8738,1.4511,0.0819,126.0497,7.1139,126.4382,7.1358
Bridgeport Borough,4209108568,451.1863,1.5798,0.1057,143.6733,9.6120,144.0126,9.6347
Jenkintown Borough,4209138000,372.1016,1.9865,0.0819,173.0358,7.1319,173.0257,7.1315
North Hanover Township,3400553070,11196.3613,0.0433,0.0535,4.6534,5.7506,4.4281,5.4722
Hamilton Township,3402129310,25733.1460,0.4753,0.0881,38.9061,7.2109,37.3792,6.9279
Cherry Hill Township,3400712280,15464.3139,0.7106,0.0796,59.0074,6.6057,57.1140,6.3938
Shamong Township,3400566810,28774.2216,0.0190,0.0673,1.7547,6.2225,0.5793,2.0545
Delran Township,3400517440,4651.5323,0.3831,0.0744,32.6803,6.3476,32.5378,6.3200
Cinnaminson Township,3400512940,5095.4792,0.3820,0.0734,31.9971,6.1495,31.9779,6.1458
Eastampton Township,3400518790,3720.6132,0.1265,0.0676,11.1263,5.9478,10.0236,5.3583
Riverton Borough,3400563660,614.0696,0.4658,0.0798,37.7397,6.4662,35.9663,6.1623
Philadelphia City,4210160000,90989.4655,1.9591,0.0762,181.3748,7.0518,180.8390,7.0309
Moorestown Township,3400547880,9578.6988,0.4350,0.0812,36.2426,6.7692,34.4176,6.4283
Mount Holly Township,3400548900,1835.6581,0.7263,0.0771,60.3257,6.4062,58.7284,6.2366
Mount Laurel Township,3400549020,14057.0517,0.4392,0.0780,37.8760,6.7300,35.8660,6.3729
Hainesport Township,3400529010,4341.3961,0.1815,0.0858,15.2166,7.1954,15.2673,7.2194
Pennsauken Township,3400757660,7786.5186,0.7664,0.0973,61.8446,7.8506,60.0588,7.6239
Millbourne Borough,4204549504,46.6404,1.2590,0.0383,115.9662,3.5305,114.8189,3.4955
Upper Merion Township,4209179136,11116.7872,0.7448,0.0967,62.9899,8.1749,62.8771,8.1603
Narberth Borough,4209152664,315.8771,1.5845,0.0788,127.5472,6.3468,127.5249,6.3457
Tavistock Borough,3400772240,176.2952,0.0005,0.0016,0.0649,0.2081,-1.6410,-5.2599
Lawnside Borough,3400739420,914.4461,0.5230,0.0989,42.9227,8.1180,40.8254,7.7213
Bellmawr Borough,3400704750,1981.7670,0.7514,0.0913,62.2910,7.5655,62.6617,7.6105
Voorhees Township,3400776220,7435.9621,0.5052,0.0756,44.2887,6.6266,42.7281,6.3931
Medford Lakes Borough,3400545210,811.0955,0.6258,0.0320,51.8798,2.6554,51.8403,2.6533
Deptford Township,3401517710,11228.5111,0.3031,0.0749,26.0161,6.4324,25.7220,6.3597
West Conshohocken Borough,4209182736,562.9442,0.9748,0.0760,81.4553,6.3537,80.1724,6.2537
Lower Merion Township,4209144976,15276.3008,0.6283,0.0846,51.4314,6.9204,51.2507,6.8961
Lumberton Township,3400542060,8321.7961,0.1742,0.0762,14.9231,6.5248,14.7102,6.4317
Southampton Township,3400568610,28429.4041,0.0368,0.0745,3.2325,6.5446,2.4567,4.9738
Pemberton Borough,3400557480,402.9357,0.4372,0.0916,38.0400,7.9666,36.1360,7.5678
Camden City,3400710000,6693.2484,1.7580,0.0998,135.3542,7.6838,133.9841,7.6060
Merchantville Borough,3400745510,381.4936,1.0412,0.0766,85.1593,6.2645,83.4239,6.1369
Magnolia Borough,3400742630,625.8693,0.7850,0.0916,62.4414,7.2884,60.6897,7.0839
Runnemede Borough,3400765160,1358.2051,0.6822,0.0807,56.7172,6.7091,54.8083,6.4833
Somerdale Borough,3400768340,888.8535,0.7808,0.0886,62.5609,7.0964,60.7875,6.8953
Hightstown Borough,3402131620,807.5173,1.0094,0.0983,80.7224,7.8612,78.9909,7.6925
Barrington Borough,3400703250,1010.2555,0.8198,0.0851,66.6755,6.9186,66.6796,6.9190
Westville Borough,3401580120,870.9006,6.3981,0.9274,365.4608,52.9761,363.6012,52.7065
Tabernacle Township,3400572060,31669.4348,0.0217,0.0762,1.9940,7.0195,0.9281,3.2673
Woodbury City,3401582120,1341.4216,1.2353,0.0858,100.1014,6.9542,98.3943,6.8356
Gloucester Township,3400726760,14894.9467,0.5214,0.1131,40.9436,8.8838,40.7921,8.8509
Greenwich Township,3401528185,7479.3825,0.0647,0.0663,5.1931,5.3259,4.7270,4.8478
Malvern Borough,4202946792,821.3138,0.7442,0.1056,62.7901,8.9083,61.4160,8.7134
Nether Providence Township,4204553104,3025.3783,0.4156,0.0682,36.3569,5.9669,35.0569,5.7535
Radnor Township,4204563264,8822.4265,0.6002,0.0924,49.3624,7.5995,48.2710,7.4315
Ridley Township,4204564800,3453.6235,0.8297,0.0846,75.1876,7.6685,74.0983,7.5574
Burlington City,3400508920,2424.5687,0.5170,0.0837,42.7142,6.9181,40.8325,6.6133
Langhorne Borough,4201741392,327.9564,2.5139,0.2999,223.9290,26.7148,222.8764,26.5892
Bristol Borough,4201708760,1183.9634,1.0413,0.0840,89.2827,7.2008,89.2345,7.1969
Hulmeville Borough,4201736192,257.3781,0.3249,0.0669,28.8975,5.9501,28.5672,5.8821
Bristol Township,4201708768,10972.9425,0.6293,0.0894,55.2003,7.8405,55.1677,7.8359
National Park Borough,3401549680,928.4388,0.2665,0.0722,23.2195,6.2869,21.4376,5.8045
Yeadon Borough,4204586968,1023.7804,0.9122,0.0653,75.9427,5.4351,75.0694,5.3726
Colwyn Borough,4204515432,167.0100,0.8795,0.0495,77.7756,4.3735,77.4594,4.3557
Darby Borough,4204518152,539.9802,1.5121,0.0558,131.2412,4.8400,130.2135,4.8021
East Lansdowne Borough,4204521384,131.3305,1.4022,0.0554,120.0278,4.7437,118.9242,4.7001
Lansdowne Borough,4204541440,754.4135,1.1978,0.0680,101.7175,5.7745,100.5634,5.7090
Haverford Township,4204533144,6352.2951,0.7301,0.0702,61.4173,5.9085,60.6298,5.8328
Rutledge Borough,4204566928,91.4776,0.6533,0.0645,55.8850,5.5208,54.7856,5.4122
Robbinsville Township,3402163850,13160.5161,0.1455,0.0211,17.3711,2.5187,16.7598,2.4300
Trenton City,3402174000,5270.0907,2.2504,0.1274,169.3126,9.5845,167.6863,9.4924
Morrisville Borough,4201751144,1257.8700,1.1016,0.1204,89.0854,9.7374,88.9818,9.7261
Lower Makefield Township,4201744968,11718.8712,0.2767,0.0731,24.7484,6.5369,24.5672,6.4891
Middletown Township,4201749120,12326.5609,0.4132,0.0726,36.5256,6.4147,35.8524,6.2965
Springfield Township,3400569990,18913.2473,0.0203,0.0789,1.9850,7.7121,1.7812,6.9203
Edgewater Park Township,3400520050,1974.3849,0.4102,0.0703,34.7560,5.9537,33.3225,5.7081
Beverly City,3400505740,486.1223,0.3990,0.0656,33.7763,5.5490,33.6773,5.5327
Langhorne Manor Borough,4201741416,403.0484,0.4233,0.0978,37.5526,8.6786,37.2653,8.6122
Bensalem Township,4201705616,13332.3257,0.5862,0.0750,51.8868,6.6387,50.9512,6.5190
Paulsboro Borough,3401557150,1702.2944,2.7564,0.6097,501.4298,110.9123,500.6742,110.7452
Aldan Borough,4204500676,382.3828,0.8650,0.0646,73.7249,5.5039,73.6642,5.4994
Sharon Hill Borough,4204569752,489.2420,1.1529,0.0649,97.5125,5.4918,96.2836,5.4226
Clifton Heights Borough,4204514264,403.3361,1.2461,0.0570,108.9757,4.9800,107.8473,4.9285
Collingdale Borough,4204515232,554.5175,1.1106,0.0565,96.5190,4.9102,96.8492,4.9270
Folcroft Borough,4204526408,905.8779,0.6516,0.0582,56.1425,5.0166,56.0893,5.0118
Tinicum Township,4204576792,5590.0386,0.2528,0.0851,20.6849,6.9665,19.9460,6.7176
Woodlynne Borough,3400782450,142.5424,1.3217,0.0562,116.0062,4.9361,114.1710,4.8580
Haddonfield Borough,3400728770,1817.6987,0.7851,0.0892,64.2559,7.3040,62.3578,7.0882
Oaklyn Borough,3400753880,448.7457,0.8400,0.0757,70.1899,6.3210,68.3856,6.1585
Gloucester City,3400726820,1784.9782,0.8036,0.0458,66.9791,3.8212,65.2303,3.7214
Audubon Borough,3400702200,954.7506,1.0274,0.0845,85.2504,7.0094,85.3412,7.0168
Audubon Park Borough,3400702230,105.1780,0.3385,0.0314,34.9418,3.2437,34.8905,3.2389
Haddon Heights Borough,3400728800,1005.2577,0.8610,0.0617,70.7972,5.0694,68.9740,4.9389
Penndel Borough,4201758936,273.2033,1.3146,0.0991,107.2672,8.0866,107.2971,8.0888
Northampton Township,4201754688,16710.7122,0.2251,0.0693,20.5920,6.3423,20.2709,6.2434
Delanco Township,3400517080,2188.4876,0.1981,0.0756,16.8118,6.4166,14.9516,5.7065
Hatboro Borough,4209133088,904.2265,0.8433,0.0675,73.8976,5.9112,73.9044,5.9117
Upper Moreland Township,4209179176,5105.6810,0.6389,0.0770,54.2195,6.5303,53.1690,6.4038
Lower Moreland Township,4209145008,4650.6588,0.3506,0.0765,29.3287,6.4022,29.1929,6.3725
Darby Township,4204518160,904.7155,0.7629,0.0580,68.4187,5.1968,68.4069,5.1959
Mount Ephraim Borough,3400748750,581.7815,0.7715,0.0777,65.5064,6.5981,63.7167,6.4178
West Deptford Township,3401578800,11410.9569,0.4693,0.1525,36.4022,11.8309,34.4842,11.2076
Lawrence Township,3402139510,14059.9557,0.4404,0.1011,34.7846,7.9852,33.4622,7.6816
West Windsor Township,3402180240,16790.7115,0.3169,0.0822,26.2555,6.8077,24.7753,6.4239
Pennington Borough,3402157600,622.4263,0.6576,0.0817,54.9505,6.8269,53.1697,6.6056
Ewing Township,3402122185,9950.7056,0.6386,0.1084,50.1395,8.5088,48.4889,8.2287
Princeton,3402160900,1168.9039,0.5425,0.1145,41.1285,8.6803,40.7197,8.5940
Upper Makefield Township,4201779128,13894.5403,0.0627,0.0792,6.1059,7.7154,5.7475,7.2625
Yardley Borough,4201786920,645.7150,0.6556,0.0954,56.6347,8.2420,55.9726,8.1457
Newtown Borough,4201754184,350.1923,1.0665,0.0812,89.5434,6.8213,89.5024,6.8181
Bryn Athyn Borough,4209109696,1245.4202,0.1949,0.0861,16.2855,7.1949,15.7015,6.9368
Lower Southampton Township,4201745112,4284.4651,0.5274,0.0699,46.3208,6.1344,46.3862,6.1431
Upper Southampton Township,4201779296,4238.7358,0.4599,0.0777,39.1810,6.6161,39.1208,6.6060
Warminster Township,4201780952,6510.1738,0.5944,0.0795,51.1567,6.8382,50.9633,6.8123
Warrington Township,4201781048,8822.9759,0.2860,0.0753,25.3773,6.6791,25.7548,6.7785
Ivyland Borough,4201737304,228.4781,0.8116,0.0681,68.7918,5.7700,68.6659,5.7594
Collingswood Borough,3400714260,1237.2514,1.1412,0.0771,95.1201,6.4286,93.3940,6.3119
Woodland Township,3400582420,60967.7115,0.0041,0.0672,0.3557,5.8835,-0.8491,-14.0446
Willingboro Township,3400581440,5171.4991,0.5634,0.0738,46.4560,6.0893,44.6090,5.8472
New Hanover Township,3400551510,14433.0614,0.1148,0.1304,9.1372,10.3800,9.7898,11.1213
Riverside Township,3400563510,1047.7995,0.6628,0.0714,56.0631,6.0417,54.2949,5.8511
Westampton Township,3400578200,7099.7875,0.1947,0.0858,16.5781,7.3084,15.0711,6.6440
Newtown Township,4201754192,7626.1010,0.3249,0.0746,28.2360,6.4814,27.9156,6.4078
West Marlborough Township,4202983464,10914.2369,0.0100,0.0945,1.2536,11.8871,0.9519,9.0265
West Nantmeal Township,4202983664,8643.2597,0.0234,0.0714,2.4038,7.3235,2.3505,7.1610
West Nottingham Township,4202983712,9003.2201,0.0501,0.1016,4.9687,10.0707,4.3145,8.7449
Chester City,4204513208,4018.6047,1.3045,0.1139,99.4061,8.6784,99.4375,8.6811
Kennett Township,4202939344,9901.1849,0.1379,0.1106,12.0984,9.7002,11.6930,9.3752
Honey Brook Township,4202935536,16132.1505,0.0445,0.0645,4.3637,6.3340,4.4311,6.4319
London Grove Township,4202944480,11034.5316,0.0751,0.0913,6.8986,8.3835,6.7789,8.2381
Perkasie Borough,4201759384,1622.8220,0.5109,0.0723,50.5640,7.1590,50.4025,7.1361
Plumstead Township,4201761616,17478.0406,0.0963,0.0838,8.9851,7.8154,8.6892,7.5580
Solebury Township,4201771752,17434.8630,0.0700,0.1013,6.1734,8.9411,5.7465,8.3228
Phoenixville Borough,4202960120,2376.2290,0.7687,0.0778,66.5681,6.7331,66.8996,6.7666
Tredyffrin Township,4202977344,12698.8113,0.5340,0.0797,45.4976,6.7929,44.5546,6.6521
Gibbsboro Borough,3400726070,1406.5572,0.2316,0.0789,19.9620,6.8001,19.7363,6.7232
West Rockhill Township,4201783960,10483.4006,0.0873,0.0871,7.7024,7.6873,7.2743,7.2600
Upper Hanover Township,4209179064,13555.3030,0.0758,0.0893,5.8174,6.8524,5.0555,5.9549
Doylestown Township,4201719792,9970.6545,0.2213,0.0761,19.5228,6.7085,19.4716,6.6910
Franklin Township,4202927376,8394.3699,0.0549,0.0899,5.4736,8.9636,5.0900,8.3354
Highland Township,4202934448,10995.0014,0.0140,0.0846,1.6211,9.7719,1.3650,8.2280
Edgmont Township,4204522584,6227.8557,0.0714,0.0704,6.7572,6.6629,5.9336,5.8508
Glenolden Borough,4204529720,619.0898,1.0596,0.0688,91.2706,5.9236,91.1893,5.9183
East Pikeland Township,4202921696,5684.1880,0.1482,0.0826,12.9184,7.2026,12.5825,7.0153
East Whiteland Township,4202922056,7035.0674,0.4836,0.1930,41.9191,16.7312,41.0441,16.3819
Upper Providence Township,4204579248,3699.7280,0.3011,0.0719,25.8080,6.1590,25.2229,6.0193
West Pikeland Township,4202983832,6370.4335,0.0552,0.0696,5.2459,6.6188,4.4868,5.6610
West Sadsbury Township,4202983968,6816.3191,0.0643,0.0957,5.7162,8.5054,5.4289,8.0779
Sadsbury Township,4202967080,3957.2292,0.1316,0.0961,11.7106,8.5485,11.0452,8.0628
Elverson Borough,4202923440,642.6675,0.1917,0.0645,17.9003,6.0230,16.6851,5.6141
Honey Brook Borough,4202935528,305.3326,0.8946,0.1272,69.5949,9.8974,68.4905,9.7403
Lower Chichester Township,4204544888,692.1275,0.5131,0.0732,47.5666,6.7867,47.7005,6.8058
Caln Township,4202910824,5697.3039,0.3084,0.0788,27.0999,6.9218,27.0189,6.9010
Thornbury Township,4204576576,5910.8096,0.1145,0.0662,9.9962,5.7797,8.8653,5.1258
Upper Chichester Township,4204578776,4272.6726,0.4261,0.0770,37.8998,6.8468,36.8878,6.6640
Upland Borough,4204578712,403.0169,0.9521,0.0858,91.0885,8.2071,89.8377,8.0944
Coatesville City,4202914712,1183.0376,2.1437,0.1613,256.3751,19.2854,256.0922,19.2641
East Nottingham Township,4202921624,12869.3228,0.0477,0.0577,4.7620,5.7581,6.0175,7.2763
East Marlborough Township,4202921480,9942.2418,0.1183,0.0938,10.1952,8.0787,9.9919,7.9176
West Goshen Township,4202983080,7668.7887,0.5820,0.0943,48.9396,7.9328,47.8318,7.7532
Atglen Borough,4202903384,567.2741,0.8097,0.2410,58.5441,17.4242,58.1304,17.3011
West Chester Borough,4202982704,1180.6654,1.8891,0.0713,165.9675,6.2641,164.9520,6.2257
Pennsbury Township,4202959136,6423.3706,0.0636,0.0808,5.8341,7.4148,5.3726,6.8283
Valley Township,4202979544,3817.8982,0.2027,0.0796,17.9298,7.0448,16.5624,6.5075
Hi-Nella Borough,3400732220,144.4756,0.6275,0.0855,46.5432,6.3378,46.3403,6.3102
Stratford Borough,3400771220,1006.6114,0.6931,0.0522,53.7485,4.0479,51.8541,3.9052
Lindenwold Borough,3400740440,2522.4511,0.8148,0.0998,62.0852,7.6030,61.7650,7.5638
Dublin Borough,4201720104,388.0888,0.5541,0.0719,53.7496,6.9788,52.6833,6.8404
New Hope Borough,4201753712,893.4632,0.5295,0.0882,45.9739,7.6577,45.6774,7.6083
Trumbauersville Borough,4201777704,277.6676,0.6651,0.1459,69.0391,15.1421,67.8811,14.8882
Laurel Springs Borough,3400739210,295.0010,0.6920,0.0868,49.2066,6.1718,49.1497,6.1646
Woodbury Heights Borough,3401582180,803.1805,0.4275,0.0701,36.6392,6.0094,34.7136,5.6936
East Greenwich Township,3401519180,9548.7272,0.4515,0.3323,26.8237,19.7435,26.7390,19.6811
Berlin Township,3400705470,2122.4254,0.4610,0.0822,36.9235,6.5811,37.0760,6.6083
Clementon Borough,3400713420,1247.8512,0.6222,0.1225,51.3937,10.1186,50.9748,10.0361
Berlin Borough,3400705440,2312.6592,0.4805,0.0891,41.2308,7.6411,41.2774,7.6497
Newtown Township,4204554224,6440.9089,0.3340,0.0848,28.9734,7.3560,28.6449,7.2726
Charlestown Township,4202912744,8009.5035,0.1023,0.0928,8.7433,7.9363,8.4442,7.6647
Easttown Township,4202921928,5280.8265,0.2560,0.1076,21.5317,9.0465,20.3993,8.5707
Telford Borough,4201776304,338.7754,0.5675,0.0647,50.2540,5.7303,50.3258,5.7385
Buckingham Township,4201709816,21098.4986,0.1035,0.0780,9.4865,7.1497,8.6885,6.5484
East Rockhill Township,4201721760,8308.0112,0.0604,0.0637,6.0296,6.3555,5.2173,5.4993
New Britain Township,4201753304,9760.9339,0.1563,0.0921,13.9466,8.2176,13.6394,8.0365
Richlandtown Borough,4201764584,174.5007,0.6462,0.0705,63.8434,6.9630,63.0231,6.8735
Sellersville Borough,4201769248,762.1461,0.6024,0.0856,60.6488,8.6205,60.5408,8.6052
Silverdale Borough,4201770744,265.0303,0.3234,0.0742,31.6687,7.2668,31.6007,7.2512
London Britain Township,4202944440,6272.6302,0.0463,0.0746,4.2930,6.9082,3.4552,5.5601
West Vincent Township,4202984160,11401.4252,0.0890,0.0356,7.2586,2.9024,6.6726,2.6681
West Whiteland Township,4202984192,8270.4897,0.3857,0.1405,33.7534,12.2939,32.4901,11.8338
East Fallowfield Township,4202921104,10005.6592,0.0656,0.0773,5.8831,6.9407,5.4916,6.4788
East Goshen Township,4202921192,6496.9283,0.3016,0.0740,27.7904,6.8146,27.6751,6.7863
Springfield Township,4204573032,4054.2607,0.6812,0.0716,57.9366,6.0887,56.7868,5.9679
Upper Darby Township,4204579000,5000.6006,1.3320,0.0617,113.0421,5.2372,111.8837,5.1835
Schuylkill Township,4202968288,5695.2459,0.2290,0.0995,20.1204,8.7434,19.8786,8.6383
Royersford Borough,4209166576,515.6908,1.0279,0.0860,90.0955,7.5376,90.0307,7.5321
West Caln Township,4202982664,14021.4411,0.0521,0.0694,5.0558,6.7290,4.3008,5.7241
Avondale Borough,4202903656,314.9863,0.9542,0.1379,86.0876,12.4444,86.1977,12.4603
Thornbury Township,4202976568,2484.9468,0.1789,0.0957,15.1526,8.1062,13.7284,7.3443
Oxford Borough,4202957480,1253.7395,0.3067,0.0510,30.8880,5.1353,31.1103,5.1723
Parkesburg Borough,4202958032,810.1030,0.4275,0.0795,39.0687,7.2624,37.7722,7.0214
Chester Township,4204513212,911.9473,0.8475,0.1532,64.5432,11.6670,66.4361,12.0092
Brookhaven Borough,4204509080,1087.2601,0.6864,0.1158,56.7608,9.5799,56.5879,9.5507
Parkside Borough,4204558176,130.2308,1.1578,0.0566,104.9468,5.1342,104.8560,5.1298
Wallace Township,4202980616,7758.7748,0.0446,0.0752,4.1068,6.9254,3.5240,5.9426
Chester Heights Borough,4204513232,1423.7980,0.2114,0.0542,18.7641,4.8120,18.5630,4.7605
Chadds Ford Township,4204512442,5576.1834,0.1283,0.0585,11.9824,5.4628,11.4293,5.2107
Trainer Borough,4204577288,888.9226,2.3432,0.5718,796.1660,194.2713,795.3379,194.0692
Concord Township,4204515488,8738.3401,0.2601,0.0780,22.9611,6.8821,23.0817,6.9183
West Brandywine Township,4202982576,8538.1363,0.0782,0.0698,7.3069,6.5286,6.3279,5.6539
Downingtown Borough,4202919752,1417.1883,0.9570,0.0942,81.6015,8.0303,81.5450,8.0248
Upper Oxford Township,4202979208,10697.2894,0.0190,0.0710,2.0820,7.7738,1.9827,7.4030
Newlin Township,4202953784,7750.6954,0.0190,0.0615,1.9001,6.1439,1.5703,5.0777
Uwchlan Township,4202979480,6685.0585,0.4021,0.0792,35.2905,6.9468,34.0767,6.7078
Westtown Township,4202984104,5527.1908,0.1977,0.0882,17.5986,7.8514,16.2509,7.2501
Pine Hill Borough,3400758770,2526.5124,0.4701,0.0979,36.2313,7.5477,35.8778,7.4741
Washington Township,3401577180,13779.0511,0.3571,0.0734,26.4220,5.4309,25.8641,5.3162
Wenonah Borough,3401578110,645.9379,0.3904,0.0909,36.0342,8.3907,35.6661,8.3050
Richland Township,4201764536,13163.6084,0.1047,0.0695,10.4235,6.9183,9.7476,6.4697
Hilltown Township,4201734952,17362.0294,0.0805,0.0654,7.7931,6.3300,7.0451,5.7224
Quakertown Borough,4201763048,1284.2444,1.0010,0.0893,100.0862,8.9254,98.9120,8.8207
Milford Township,4201749384,17909.6227,0.0569,0.0738,5.8528,7.5925,5.2456,6.8048
Red Hill Borough,4209163808,429.1741,0.4060,0.0578,34.0563,4.8494,32.9092,4.6861
New Britain Borough,4201753296,779.5049,0.5424,0.0702,47.9186,6.2038,47.8446,6.1942
Pennsburg Borough,4209159120,504.4392,0.5407,0.0506,48.4858,4.5360,47.1257,4.4088
Marlborough Township,4209147592,8121.9849,0.0379,0.0718,3.7336,7.0751,2.8271,5.3574
Bordentown City,3400506670,617.1725,0.7870,0.0913,64.0264,7.4291,63.7854,7.4011
Fieldsboro Borough,3400523250,223.9361,1.0559,0.3820,78.0413,28.2331,77.6774,28.1014
Falls Township,4201725112,17052.6033,0.2919,0.0992,24.1224,8.1957,24.2053,8.2239
Florence Township,3400523850,6555.5361,0.2374,0.0966,20.1865,8.2133,20.3039,8.2611
Tullytown Borough,4201777744,1323.8226,0.3698,0.0988,31.0418,8.2917,30.9733,8.2734
Mansfield Township,3400543290,14002.0701,0.0739,0.0910,6.1740,7.6046,5.8822,7.2452
East Coventry Township,4202921008,6910.8856,0.0892,0.0745,8.1877,6.8438,7.1583,5.9833
East Vincent Township,4202922000,8733.2910,0.1211,0.0349,10.1154,2.9137,9.8545,2.8386
Lower Pottsgrove Township,4209145072,5119.1539,0.2374,0.0721,20.7821,6.3160,19.4211,5.9024
Douglass Township,4209119672,9863.4584,0.0719,0.0503,6.4904,4.5425,5.9631,4.1735
Aston Township,4204503336,3744.7666,0.4959,0.0795,43.2817,6.9392,43.3151,6.9446
Salford Township,4209167528,6108.2474,0.0450,0.0790,4.5058,7.9087,3.9744,6.9761
Bedminster Township,4201704976,20009.5115,0.0364,0.0818,3.9696,8.9237,3.6312,8.1630
Warwick Township,4201781144,7111.2939,0.2000,0.0688,17.6315,6.0686,17.6905,6.0889
Wrightstown Township,4201786624,6247.2963,0.0837,0.1188,7.1857,10.1932,6.7392,9.5599
Chalfont Borough,4201712504,1052.8449,0.8129,0.1594,71.7513,14.0702,71.6946,14.0591
Doylestown Borough,4201719784,1377.4632,1.0629,0.0780,90.5505,6.6413,90.4442,6.6335
Bethel Township,4204506024,3451.6646,0.2364,0.0712,21.5585,6.4916,21.7084,6.5367
Pottstown Borough,4209162416,3169.8151,0.9918,0.0941,85.0142,8.0632,83.7894,7.9470
West Pottsgrove Township,4209183912,1519.6898,0.3214,0.0911,28.2970,8.0229,27.1812,7.7065
Limerick Township,4209143312,14564.6694,0.1797,0.0863,15.9909,7.6787,15.0705,7.2367
North Coventry Township,4202954936,8693.2947,0.1196,0.0884,10.5535,7.8054,9.4881,7.0174
Upper Uwchlan Township,4202979352,7495.5805,0.1503,0.0715,13.3746,6.3607,12.1746,5.7900
West Grove Borough,4202983104,416.6056,0.6427,0.0758,58.1495,6.8569,56.9269,6.7127
West Bradford Township,4202982544,11870.4497,0.0911,0.0727,8.9026,7.1049,7.8637,6.2757
East Nantmeal Township,4202921576,10474.5407,0.0200,0.0787,2.0035,7.8805,1.4615,5.7487
East Brandywine Township,4202920864,7143.7567,0.0941,0.0676,8.8865,6.3841,7.8377,5.6306
Pocopson Township,4202961800,5329.5946,0.0803,0.0727,7.2254,6.5424,6.5758,5.9542
West Fallowfield Township,4202982936,11661.1647,0.0272,0.0894,2.8102,9.2207,2.5744,8.4471
South Coventry Township,4202972088,4872.3676,0.0612,0.0793,5.6434,7.3091,4.9319,6.3876
Warwick Township,4202981160,12083.3436,0.0198,0.0754,1.8848,7.1982,1.2335,4.7106
South Coatesville Borough,4202972072,1126.0409,0.5044,0.2011,52.0624,20.7520,50.5192,20.1369
Londonderry Township,4202944456,7284.3706,0.0383,0.0566,3.6807,5.4330,3.4616,5.1095
Lower Oxford Township,4202945040,11741.1789,0.0461,0.0787,4.8855,8.3435,4.7765,8.1573
New London Township,4202953816,7513.5905,0.0595,0.0719,5.8443,7.0654,5.4835,6.6292
Marcus Hook Borough,4204547344,1059.7034,1.0262,0.2010,106.1335,20.7854,106.1241,20.7836
Woolwich Township,3401582840,13678.2524,0.0981,0.0898,8.1677,7.4789,7.0222,6.4300
Swarthmore Borough,4204575648,895.2820,0.7941,0.0801,65.0943,6.5695,63.9052,6.4495
Rose Valley Borough,4204566192,470.5590,0.2143,0.0809,17.9473,6.7779,16.7509,6.3261
Eddystone Borough,4204522296,1085.0594,0.9747,0.2187,69.9441,15.6934,69.9190,15.6878
Upper Pottsgrove Township,4209179240,3203.5030,0.1479,0.0713,13.3292,6.4269,11.8309,5.7044
Lower Providence Township,4209145080,9877.4186,0.3188,0.0804,28.5530,7.1981,28.2777,7.1287
Hopewell Township,3402133180,37694.3562,0.0837,0.0947,7.3465,8.3155,6.5988,7.4691
East Greenville Borough,4209121200,321.6978,0.6439,0.0570,54.0708,4.7840,52.8769,4.6783
Telford Borough,4209176304,310.1448,0.7182,0.0673,65.2399,6.1111,64.1326,6.0074
Penn Township,4202958808,6160.9675,0.1041,0.0765,9.2953,6.8250,9.0736,6.6621
East Caln Township,4202920920,2357.3118,0.3182,0.0822,27.3245,7.0574,27.0546,6.9876
Birmingham Township,4202906544,4173.2943,0.1196,0.0855,10.4686,7.4873,9.9559,7.1206
Norwood Borough,4204555664,522.6265,0.7832,0.0582,69.0280,5.1259,67.7926,5.0341
Media Borough,4204548480,489.0968,2.3152,0.0657,190.6670,5.4076,189.5313,5.3754
Marple Township,4204547616,6766.0725,0.4147,0.0743,35.4934,6.3584,34.5081,6.1819
Morton Borough,4204551176,228.5631,1.1073,0.0635,97.2963,5.5805,96.1647,5.5156
Prospect Park Borough,4204562792,480.4858,1.1487,0.0673,98.6520,5.7757,97.6561,5.7174
Ridley Park Borough,4204564832,690.4815,1.0754,0.0452,90.7485,3.8101,89.6070,3.7621
Willistown Township,4202985352,11668.0820,0.1360,0.0844,11.9025,7.3868,11.2324,6.9709
Spring City Borough,4202972920,528.5956,0.7533,0.0930,65.2095,8.0517,65.1865,8.0489
Elk Township,4202923032,6449.8710,0.0211,0.0693,2.2279,7.3278,1.7502,5.7565
Upper Providence Township,4209179256,11611.3403,0.3795,0.0963,32.1780,8.1693,30.8889,7.8420
New Garden Township,4202953608,10408.2407,0.1976,0.1104,17.8083,9.9492,17.7530,9.9183
Middletown Township,4204549136,8601.8167,0.2860,0.0818,24.8472,7.1069,23.8559,6.8233
Logan Township,3401541160,16829.0743,0.1501,0.1608,12.0623,12.9223,11.2686,12.0721
Kennett Square Borough,4202939352,691.4757,1.3250,0.0767,113.8490,6.5883,113.8576,6.5888
Modena Borough,4202950232,228.9501,1.2809,0.4498,87.1688,30.6094,85.3924,29.9856
East Bradford Township,4202920824,9683.0486,0.0805,0.0656,7.5147,6.1240,7.1723,5.8450
Durham Township,4201720480,5926.9268,0.0204,0.0864,2.3335,9.8929,1.7213,7.2974
Riegelsville Borough,4201764856,691.6843,0.1400,0.0969,13.7070,9.4809,13.3976,9.2669
Nockamixon Township,4201754576,14371.7459,0.0305,0.0888,3.0694,8.9443,2.4952,7.2709
Haycock Township,4201733224,13493.6274,0.0164,0.0819,1.7086,8.5262,1.3062,6.5184
East Windsor Township,3402119780,10018.4574,0.3524,0.0784,29.2439,6.5082,28.2041,6.2768
Tinicum Township,4201776784,19827.4135,0.0256,0.0925,2.6083,9.4115,2.0991,7.5742
Springfield Township,4201773016,19606.3351,0.0222,0.0668,2.4192,7.2859,2.0263,6.1026
Bridgeton Township,4201708592,4277.0851,0.0314,0.0832,2.9711,7.8588,2.2168,5.8637
Wrightstown Borough,3400582960,1186.7888,0.2077,0.0684,16.1636,5.3197,15.6841,5.1619
Pemberton Township,3400557510,40148.0626,0.0614,0.0708,5.4886,6.3310,4.6988,5.4200
Medford Township,3400545120,25458.7591,0.0961,0.1010,8.3187,8.7464,7.7631,8.1622
Haddon Township,3400728740,1807.6654,0.9371,0.0954,79.2253,8.0624,77.4076,7.8774
